libraryManagement/app/middleware/index.go:16:,ValidateRefreshToken,76.0%,
libraryManagement/app/middleware/index.go:58:,IsAuth,80.0%,
libraryManagement/app/modules/Book/book.controller.go:20:,NewBookController,100.0%,
libraryManagement/app/modules/Book/book.controller.go:26:,AddBook,85.7%,
libraryManagement/app/modules/Book/book.controller.go:51:,GetBook,100.0%,
libraryManagement/app/modules/Book/book.controller.go:78:,GetAllBook,71.4%,
libraryManagement/app/modules/Book/book.controller.go:93:,DeleteBook,100.0%,
libraryManagement/app/modules/Book/book.controller.go:109:,UpdateBook,79.3%,
libraryManagement/app/modules/Book/book.controller.go:154:,GetIssuedBooks,83.3%,
libraryManagement/app/modules/Book/book.controller.go:167:,SearchBooks,80.0%,
libraryManagement/app/modules/Book/book.router.go:11:,SetupBookRouter,100.0%,
libraryManagement/app/modules/Book/book.service.go:21:,AddBook,90.5%,
libraryManagement/app/modules/Book/book.service.go:55:,GetAllBook,81.8%,
libraryManagement/app/modules/Book/book.service.go:77:,GetBook,100.0%,
libraryManagement/app/modules/Book/book.service.go:89:,UpdateBook,75.0%,
libraryManagement/app/modules/Book/book.service.go:115:,DeleteBook,89.5%,
libraryManagement/app/modules/Book/book.service.go:146:,GetIssuedBook,87.5%,
libraryManagement/app/modules/Book/book.service.go:163:,SearchBook,87.5%,
libraryManagement/app/modules/Library/library.controller.go:16:,NewLibraryController,100.0%,
libraryManagement/app/modules/Library/library.controller.go:22:,GetLibrary,71.4%,
libraryManagement/app/modules/Library/library.controller.go:36:,UpdateLibrary,85.7%,
libraryManagement/app/modules/Library/library.controller.go:61:,GetAllLibrary,100.0%,
libraryManagement/app/modules/Library/library.router.go:10:,SetupLibraryRouter,100.0%,
libraryManagement/app/modules/Library/library.service.go:15:,UpdateLibrary,71.4%,
libraryManagement/app/modules/Library/library.service.go:28:,GetLibrary,85.7%,
libraryManagement/app/modules/Library/library.service.go:43:,GetAllLibrary,100.0%,
libraryManagement/app/modules/User/user.controller.go:19:,NewUserController,100.0%,
libraryManagement/app/modules/User/user.controller.go:25:,UpdateUser,0.0%,
libraryManagement/app/modules/User/user.controller.go:29:,GetUser,81.8%,
libraryManagement/app/modules/User/user.controller.go:45:,GetAllUser,71.4%,
libraryManagement/app/modules/User/user.controller.go:58:,MakeAdmin,84.6%,
libraryManagement/app/modules/User/user.controller.go:79:,DeleteUser,100.0%,
libraryManagement/app/modules/User/user.router.go:10:,SetupUserRouter,100.0%,
libraryManagement/app/modules/User/user.service.go:15:,UpdateUser,93.3%,
libraryManagement/app/modules/User/user.service.go:38:,GetAllUser,80.0%,
libraryManagement/app/modules/User/user.service.go:48:,GetUser,86.7%,
libraryManagement/app/modules/User/user.service.go:74:,DeleteUser,86.7%,
libraryManagement/app/modules/auth/auth.controller.go:18:,NewAuthController,100.0%,
libraryManagement/app/modules/auth/auth.controller.go:25:,Login,100.0%,
libraryManagement/app/modules/auth/auth.controller.go:49:,SignupLibrary,94.4%,
libraryManagement/app/modules/auth/auth.controller.go:83:,Signup,83.3%,
libraryManagement/app/modules/auth/auth.helper.go:11:,IsLibraryAdmin,100.0%,
libraryManagement/app/modules/auth/auth.helper.go:17:,validate,100.0%,
libraryManagement/app/modules/auth/auth.router.go:11:,SetupAuthRouter,100.0%,
libraryManagement/app/modules/auth/auth.service.go:18:,Login,90.9%,
libraryManagement/app/modules/auth/auth.service.go:41:,Signup,83.3%,
libraryManagement/app/modules/auth/auth.service.go:80:,SignupLibrary,81.8%,
libraryManagement/app/modules/issueRegistery/issueRegistery.controller.go:14:,NewIssueRegistryController,100.0%,
libraryManagement/app/modules/issueRegistery/issueRegistery.controller.go:20:,GetAllIssue,66.7%,
libraryManagement/app/modules/issueRegistery/issueRegistery.router.go:10:,SetupIssueRegistryRouter,100.0%,
libraryManagement/app/modules/issueRegistery/issueRegistery.service.go:18:,CreateIssueRequest,76.9%,
libraryManagement/app/modules/issueRegistery/issueRegistery.service.go:52:,UpdateIssueRequest,85.7%,
libraryManagement/app/modules/issueRegistery/issueRegistery.service.go:65:,GetAllIssueRequest,80.0%,
libraryManagement/app/modules/requestEvent/requestEvent.controller.go:21:,NewRequestEventController,100.0%,
libraryManagement/app/modules/requestEvent/requestEvent.controller.go:26:,AddRequest,83.3%,
libraryManagement/app/modules/requestEvent/requestEvent.controller.go:49:,GetAllRequest,71.4%,
libraryManagement/app/modules/requestEvent/requestEvent.controller.go:62:,GetRequest,88.9%,
libraryManagement/app/modules/requestEvent/requestEvent.controller.go:77:,UpdateRequest,86.7%,
libraryManagement/app/modules/requestEvent/requestEvent.controller.go:103:,GetUserRequests,66.7%,
libraryManagement/app/modules/requestEvent/requestEvent.controller.go:117:,DeleteRequest,77.8%,
libraryManagement/app/modules/requestEvent/requestEvent.router.go:10:,SetupRequestEventRouter,100.0%,
libraryManagement/app/modules/requestEvent/requestEvent.service.go:23:,AddRequest,78.6%,
libraryManagement/app/modules/requestEvent/requestEvent.service.go:73:,GetAllRequest,85.7%,
libraryManagement/app/modules/requestEvent/requestEvent.service.go:86:,GetRequest,69.2%,
libraryManagement/app/modules/requestEvent/requestEvent.service.go:113:,UpdateRequest,80.6%,
libraryManagement/app/modules/requestEvent/requestEvent.service.go:174:,GetUserRequests,100.0%,
libraryManagement/app/modules/requestEvent/requestEvent.service.go:189:,DeleteRequest,100.0%,
libraryManagement/app/modules/requestEvent/requestEvent.service.go:206:,isRequestBelong,100.0%,
libraryManagement/app/modules/requestEvent/requestEvent.service.go:214:,addIssue,100.0%,
libraryManagement/app/modules/requestEvent/requestEvent.service.go:220:,updateIssue,100.0%,
libraryManagement/app/routes/router.go:15:,SetupRouter,0.0%,
libraryManagement/internal/database/database.go:12:,init,0.0%,
libraryManagement/internal/database/database.go:16:,InitDB,0.0%,
libraryManagement/main.go:30:,main,0.0%,
libraryManagement/main.go:49:,CORSMiddleware,0.0%,
libraryManagement/utility/encyption.go:5:,HashPassword,75.0%,
libraryManagement/utility/encyption.go:14:,VerifyPassword,75.0%,
libraryManagement/utility/errorss/errors.go:12:,Error,100.0%,
libraryManagement/utility/errorss/errors.go:16:,NotFound,100.0%,
libraryManagement/utility/errorss/errors.go:20:,BadRequest,100.0%,
libraryManagement/utility/errorss/errors.go:24:,InternalServerError,0.0%,
libraryManagement/utility/errorss/errors.go:27:,Forbidden,100.0%,
libraryManagement/utility/jwt.go:17:,CreateJwtToken,83.3%,
libraryManagement/utility/jwt.go:30:,VerifyToken,75.0%,
libraryManagement/utility/sendResponse.go:7:,SendResponse,100.0%,
libraryManagement/utility/shared.go:12:,GetQueryItem,100.0%,
libraryManagement/utility/shared.go:20:,GetContextItem,100.0%,
libraryManagement/utility/shared.go:25:,GetParamItem,100.0%,
libraryManagement/validators/customValidaors.go:13:,init,100.0%,
libraryManagement/validators/customValidaors.go:22:,ValidateName,100.0%,
libraryManagement/validators/customValidaors.go:27:,ValidatePassword,68.8%,
libraryManagement/validators/customValidaors.go:62:,ValidatePhoneNumber,100.0%,
libraryManagement/validators/customValidaors.go:69:,IsValidISBN,100.0%,
libraryManagement/validators/customValidaors.go:75:,IsValidateBook,100.0%,
total:,(statements),82.4%,
